CGG_NM,STDG_NM,BLDG_USG,평균전세가_만원,거래건수
중구,장충동1가,아파트,450000.0,1
중구,회현동2가,아파트,181500.0,4
용산구,한남동,아파트,167963.1,107
용산구,한강로3가,아파트,157381.8,88
용산구,용산동5가,아파트,155267.2,29
서초구,반포동,아파트,154652.3,713
마포구,하중동,아파트,138022.2,18
용산구,용산동5가,오피스텔,136500.0,1
종로구,내수동,아파트,132678.6,14
중구,회현동1가,아파트,128111.1,9
용산구,한강로2가,아파트,124540.6,48
강남구,도곡동,아파트,122450.7,522
강남구,세곡동,연립다세대,122356.2,8
강남구,청담동,아파트,120274.4,288
종로구,홍파동,아파트,118401.9,43
서초구,잠원동,아파트,116737.4,677
종로구,사직동,아파트,116652.9,17
종로구,평동,아파트,116477.9,34
강남구,대치동,아파트,115707.8,841
마포구,서교동,아파트,114262.2,46
강남구,압구정동,아파트,113379.9,378
용산구,동자동,아파트,109512.5,8
중구,남대문로5가,아파트,109500.0,2
강남구,삼성동,아파트,109212.4,385
서초구,방배동,아파트,104123.7,510
마포구,용강동,아파트,103411.5,52
송파구,잠실동,아파트,101315.4,1072
서초구,서초동,아파트,99419.3,960
성동구,성수동1가,아파트,97689.3,354
마포구,상수동,아파트,96323.4,47
용산구,한남동,연립다세대,96219.6,51
용산구,신계동,아파트,95406.0,43
용산구,한강로1가,아파트,94661.5,13
송파구,신천동,아파트,93900.7,575
강남구,역삼동,아파트,92964.6,504
강남구,일원동,아파트,92758.1,353
강남구,개포동,아파트,90113.0,776
종로구,충신동,아파트,89750.0,8
용산구,서빙고동,아파트,88651.0,50
성동구,상왕십리동,아파트,86968.0,57
동작구,동작동,아파트,86836.7,49
마포구,현석동,아파트,86420.8,82
용산구,원효로1가,아파트,86406.5,70
마포구,염리동,아파트,86323.2,176
강남구,도곡동,오피스텔,86053.8,22
성동구,금호동4가,아파트,85241.6,209
송파구,가락동,아파트,85053.8,726
마포구,아현동,아파트,85016.5,354
영등포구,여의도동,아파트,84762.5,384
강남구,자곡동,연립다세대,84125.0,4
마포구,대흥동,아파트,83827.7,206
동작구,흑석동,아파트,83441.7,331
광진구,구의동,아파트,82768.1,304
용산구,효창동,아파트,82077.8,111
송파구,방이동,아파트,81846.7,328
종로구,청운동,연립다세대,81714.3,7
영등포구,당산동5가,아파트,81702.8,168
중구,만리동2가,아파트,81519.0,106
성동구,옥수동,아파트,80671.5,453
강남구,신사동,아파트,80646.7,43
성동구,금호동2가,아파트,80547.6,195
마포구,신공덕동,아파트,80239.8,147
용산구,이촌동,아파트,79553.6,502
성동구,하왕십리동,아파트,79289.1,347
마포구,공덕동,아파트,79240.3,236
마포구,합정동,아파트,79135.7,28
중구,충무로4가,아파트,78811.6,19
광진구,광장동,아파트,78755.1,351
종로구,무악동,아파트,78382.9,71
성동구,금호동1가,아파트,78047.8,259
종로구,인의동,아파트,77875.0,4
중구,중림동,아파트,77874.6,26
마포구,신수동,아파트,77810.1,146
용산구,청암동,아파트,77500.0,2
강남구,논현동,아파트,75920.2,211
양천구,목동,아파트,75600.4,1144
중구,만리동1가,아파트,75476.1,16
영등포구,영등포동7가,아파트,75188.6,139
종로구,통인동,연립다세대,75000.0,1
마포구,동교동,아파트,75000.0,1
서초구,내곡동,아파트,74810.9,91
광진구,자양동,아파트,74621.4,513
용산구,청파동3가,아파트,74500.0,1
강동구,고덕동,아파트,74339.8,584
성동구,행당동,아파트,74211.6,423
성북구,삼선동3가,아파트,74209.1,11
서대문구,냉천동,아파트,72882.0,30
용산구,한남동,오피스텔,72666.7,3
중구,순화동,아파트,72412.5,16
용산구,문배동,아파트,72361.5,122
서대문구,북아현동,아파트,72345.0,302
송파구,송파동,아파트,72259.5,244
성북구,보문동1가,아파트,72059.1,34
종로구,신문로2가,오피스텔,72000.0,1
마포구,창전동,아파트,71765.4,111
영등포구,문래동3가,아파트,71762.3,82
용산구,용문동,아파트,71554.3,23
서대문구,합동,아파트,70650.0,6
강동구,둔촌동,아파트,70623.8,243
성동구,성수동2가,아파트,70543.8,169
동작구,상도동,아파트,70532.5,703
영등포구,당산동4가,아파트,69985.5,175
강동구,상일동,아파트,69966.7,756
송파구,문정동,아파트,69759.3,450
송파구,거여동,아파트,69621.2,653
종로구,필운동,아파트,69000.0,2
중구,입정동,아파트,68285.6,27
용산구,동빙고동,아파트,68000.0,1
은평구,증산동,아파트,67911.0,190
영등포구,영등포동8가,아파트,67617.7,49
종로구,명륜1가,아파트,67500.0,2
서대문구,남가좌동,아파트,67307.2,443
종로구,명륜2가,아파트,65644.4,18
동작구,사당동,아파트,65097.0,737
성동구,도선동,아파트,65093.8,16
성북구,안암동1가,아파트,65088.5,13
성동구,금호동3가,아파트,64543.3,131
성동구,홍익동,아파트,64250.0,2
중구,신당동,아파트,64181.4,398
서대문구,북가좌동,아파트,64106.0,189
동작구,신대방동,아파트,63763.6,306
마포구,토정동,아파트,63455.2,34
용산구,도원동,아파트,63327.2,65
은평구,수색동,아파트,63196.1,258
동대문구,용두동,아파트,63143.6,243
종로구,내수동,연립다세대,63000.0,1
성북구,삼선동4가,아파트,62400.0,5
서대문구,현저동,아파트,62263.2,57
송파구,석촌동,아파트,62212.2,42
서대문구,영천동,아파트,62171.3,27
동대문구,전농동,아파트,61976.2,346
영등포구,당산동6가,아파트,61931.8,22
송파구,장지동,아파트,61760.5,768
마포구,마포동,오피스텔,61666.7,3
종로구,교북동,아파트,61294.4,18
송파구,풍납동,아파트,61272.2,295
용산구,이태원동,아파트,61084.2,55
마포구,도화동,아파트,60818.3,244
마포구,신정동,아파트,60723.9,24
영등포구,신길동,아파트,60651.3,747
구로구,신도림동,아파트,60445.8,354
성북구,보문동4가,아파트,60400.0,5
강동구,천호동,아파트,60038.8,304
중구,을지로5가,아파트,59925.0,4
용산구,문배동,단독다가구,59800.0,1
은평구,진관동,연립다세대,59600.0,10
영등포구,양평동3가,아파트,59412.9,97
종로구,평창동,단독다가구,59387.5,8
마포구,상암동,아파트,59315.2,321
강남구,수서동,아파트,59169.4,376
동작구,대방동,아파트,59092.6,181
마포구,연남동,아파트,58973.7,19
용산구,신창동,아파트,58833.3,3
송파구,오금동,아파트,58797.4,340
은평구,녹번동,아파트,58706.1,183
용산구,보광동,아파트,58635.4,24
성북구,보문동6가,아파트,58617.5,40
용산구,산천동,아파트,58446.8,83
성북구,길음동,아파트,58388.3,827
강남구,세곡동,아파트,58342.2,215
동작구,본동,아파트,58325.1,164
강동구,성내동,아파트,58169.4,261
성북구,보문동3가,아파트,58113.3,30
성북구,장위동,아파트,58094.3,250
강동구,암사동,아파트,58034.7,497
동대문구,답십리동,아파트,58025.2,494
서초구,신원동,연립다세대,58000.0,1
중구,황학동,아파트,57947.0,83
양천구,목동,오피스텔,57670.8,177
서대문구,연희동,아파트,57658.6,53
성동구,응봉동,아파트,57611.3,186
영등포구,영등포동,아파트,57309.3,148
종로구,당주동,아파트,57214.3,7
양천구,신정동,아파트,57119.8,1677
성북구,동소문동7가,아파트,57045.0,10
동작구,노량진동,아파트,56985.9,244
마포구,중동,아파트,56964.1,64
마포구,망원동,아파트,56827.0,119
영등포구,양평동5가,아파트,56562.8,74
서대문구,충정로2가,아파트,56300.0,6
영등포구,당산동1가,아파트,56287.3,26
영등포구,당산동3가,아파트,56218.1,83
강남구,율현동,아파트,56073.1,36
은평구,응암동,아파트,56052.4,629
영등포구,도림동,아파트,56051.8,64
성북구,동소문동5가,아파트,55666.7,3
강동구,명일동,아파트,55577.7,489
성북구,삼선동2가,아파트,55563.6,28
강서구,염창동,아파트,55413.8,430
중구,의주로1가,오피스텔,55264.4,8
종로구,교북동,단독다가구,55000.0,1
관악구,남현동,아파트,54554.0,31
서초구,신원동,아파트,54429.1,209
성북구,하월곡동,아파트,54228.0,212
성동구,마장동,아파트,54130.7,143
관악구,봉천동,아파트,54127.0,930
마포구,마포동,아파트,53793.9,33
종로구,평창동,아파트,53705.0,21
동대문구,이문동,아파트,53675.6,382
종로구,구기동,연립다세대,53651.4,35
서대문구,홍제동,아파트,53580.5,463
광진구,군자동,아파트,53550.0,15
종로구,신문로1가,아파트,53500.0,2
성북구,종암동,아파트,53342.3,189
성북구,돈암동,아파트,52570.3,317
용산구,원효로4가,아파트,52569.1,46
서초구,신원동,단독다가구,52500.0,8
영등포구,양평동4가,아파트,52486.7,33
중구,만리동2가,오피스텔,52482.4,17
영등포구,문래동5가,아파트,52214.4,63
서초구,내곡동,연립다세대,52000.0,4
성동구,송정동,아파트,51935.9,17
강서구,내발산동,아파트,51914.9,406
동대문구,장안동,아파트,51419.2,252
서초구,우면동,아파트,51375.8,556
동대문구,제기동,아파트,51303.4,59
종로구,숭인동,아파트,51270.9,43
강남구,자곡동,아파트,51220.6,454
영등포구,문래동4가,아파트,51195.5,22
송파구,삼전동,아파트,51118.8,12
동대문구,청량리동,아파트,50759.4,116
영등포구,여의도동,오피스텔,50693.7,168
동대문구,휘경동,아파트,50678.6,190
강서구,화곡동,아파트,50622.7,530
영등포구,양평동6가,아파트,50597.1,17
서초구,양재동,아파트,50404.7,238
강남구,청담동,연립다세대,50197.3,68
강북구,미아동,아파트,50055.6,485
서초구,염곡동,연립다세대,50000.0,1
중랑구,면목동,아파트,49986.9,323
성동구,용답동,아파트,49902.3,23
영등포구,대림동,아파트,49738.4,251
영등포구,당산동,아파트,49669.9,83
강동구,길동,아파트,49638.9,332
서대문구,천연동,아파트,49519.2,43
강동구,강일동,아파트,49441.7,494
동대문구,신설동,아파트,49265.0,10
종로구,체부동,연립다세대,49000.0,2
성북구,동선동4가,아파트,49000.0,1
성북구,석관동,아파트,48907.1,126
구로구,항동,아파트,48778.5,119
서대문구,홍은동,아파트,48727.5,266
강서구,마곡동,아파트,48542.4,1012
강남구,자곡동,단독다가구,48333.3,3
서대문구,대현동,아파트,48279.0,52
성북구,동소문동4가,아파트,48067.5,10
성북구,보문동2가,오피스텔,48000.0,1
영등포구,문래동6가,아파트,47880.0,81
강남구,수서동,단독다가구,47750.0,2
은평구,불광동,아파트,47645.0,237
중구,북창동,오피스텔,47500.0,2
중랑구,망우동,아파트,47436.0,110
송파구,마천동,아파트,47414.3,110
영등포구,당산동2가,아파트,47398.3,69
성동구,사근동,아파트,47356.2,8
동작구,노량진동,단독다가구,47229.7,91
중랑구,상봉동,아파트,46792.8,156
영등포구,양평동2가,아파트,46306.2,44
종로구,구기동,아파트,46133.3,3
광진구,광장동,연립다세대,46039.2,39
송파구,신천동,오피스텔,45963.6,11
마포구,노고산동,아파트,45960.5,19
영등포구,문래동3가,오피스텔,45783.5,52
강서구,등촌동,아파트,45780.5,544
종로구,평창동,연립다세대,45771.2,23
은평구,역촌동,아파트,45526.1,44
중랑구,중화동,아파트,45233.2,83
영등포구,양평동5가,단독다가구,45000.0,1
중구,묵정동,아파트,44791.9,31
중랑구,묵동,아파트,44445.8,236
금천구,독산동,아파트,44412.4,399
서초구,염곡동,단독다가구,44192.9,7
성북구,상월곡동,아파트,44150.9,27
성북구,정릉동,아파트,44107.9,286
구로구,개봉동,아파트,44051.0,358
종로구,가회동,단독다가구,44013.3,3
용산구,용산동2가,아파트,43985.7,7
강서구,공항동,아파트,43927.7,19
양천구,신월동,아파트,43893.9,657
강서구,마곡동,단독다가구,43833.3,3
용산구,후암동,아파트,43662.5,16
영등포구,양평동1가,아파트,43125.7,75
서대문구,신촌동,연립다세대,43000.0,1
성동구,옥수동,연립다세대,42692.9,7
관악구,신림동,아파트,42522.4,525
은평구,진관동,단독다가구,42333.3,3
강서구,내발산동,오피스텔,42165.0,6
영등포구,당산동2가,연립다세대,42000.0,1
서초구,내곡동,단독다가구,41800.0,5
은평구,신사동,아파트,41417.3,225
중구,필동1가,오피스텔,41285.7,7
은평구,진관동,아파트,41233.8,881
종로구,창신동,아파트,41118.7,106
동대문구,전농동,오피스텔,41075.6,147
동대문구,회기동,아파트,40868.1,36
강동구,강일동,단독다가구,40846.2,13
노원구,중계동,아파트,40693.6,1112
은평구,구산동,아파트,40689.1,32
강서구,가양동,아파트,40472.7,671
종로구,부암동,단독다가구,40460.7,7
영등포구,문래동6가,오피스텔,40391.8,120
강남구,세곡동,단독다가구,40236.8,19
구로구,온수동,아파트,39435.2,52
종로구,수송동,오피스텔,39375.0,4
중구,만리동1가,오피스텔,39330.0,7
노원구,공릉동,아파트,39172.3,483
영등포구,도림동,오피스텔,39039.6,108
용산구,원효로2가,오피스텔,38966.7,24
은평구,갈현동,아파트,38771.2,65
종로구,혜화동,오피스텔,38600.0,5
용산구,한강로2가,오피스텔,38469.8,112
노원구,하계동,아파트,38014.1,510
구로구,구로동,아파트,37780.1,858
서초구,반포동,연립다세대,37777.6,264
서초구,방배동,연립다세대,37748.4,693
강남구,논현동,오피스텔,37742.1,19
구로구,오류동,아파트,37720.4,116
동작구,동작동,연립다세대,37615.0,8
서대문구,충정로3가,아파트,37522.7,22
구로구,가리봉동,아파트,37500.0,2
용산구,문배동,오피스텔,37214.4,109
구로구,신도림동,오피스텔,37046.2,124
강남구,대치동,연립다세대,37033.0,202
종로구,누하동,연립다세대,37000.0,2
성북구,동소문동7가,연립다세대,37000.0,1
서초구,방배동,오피스텔,36897.9,29
강서구,방화동,아파트,36876.7,501
강북구,우이동,아파트,36868.3,14
용산구,한강로1가,오피스텔,36844.8,62
종로구,이화동,아파트,36700.0,1
용산구,한강로3가,오피스텔,36326.2,15
영등포구,양평동3가,오피스텔,36199.1,92
종로구,신영동,아파트,36000.0,2
서초구,서초동,연립다세대,35982.9,313
성북구,안암동3가,아파트,35964.3,21
광진구,자양동,오피스텔,35875.4,55
서초구,우면동,연립다세대,35730.9,47
강남구,삼성동,연립다세대,35665.6,127
영등포구,영등포동5가,아파트,35500.0,5
강동구,상일동,연립다세대,35484.2,54
용산구,이태원동,연립다세대,35418.8,119
영등포구,당산동2가,오피스텔,35399.3,44
서대문구,창천동,아파트,35375.0,4
마포구,성산동,아파트,35359.1,384
도봉구,방학동,아파트,35140.2,303
종로구,구기동,단독다가구,35100.0,5
종로구,신교동,아파트,35000.0,1
서대문구,북아현동,오피스텔,34964.7,17
노원구,하계동,연립다세대,34960.1,21
중구,회현동2가,연립다세대,34857.1,7
강남구,율현동,단독다가구,34581.1,35
마포구,토정동,연립다세대,34561.1,9
종로구,교북동,오피스텔,34531.4,7
중구,을지로5가,오피스텔,34520.0,5
성북구,종암동,오피스텔,34500.0,2
용산구,원효로1가,오피스텔,34359.2,59
은평구,갈현동,오피스텔,34350.0,6
용산구,도원동,연립다세대,34333.3,3
금천구,시흥동,아파트,34326.4,334
양천구,신정동,오피스텔,34293.1,133
구로구,고척동,아파트,34284.2,271
중구,순화동,오피스텔,34171.6,8
중구,중림동,오피스텔,34111.9,46
노원구,월계동,아파트,34024.6,817
용산구,문배동,연립다세대,34000.0,2
종로구,체부동,단독다가구,34000.0,2
구로구,항동,단독다가구,34000.0,2
강남구,도곡동,연립다세대,33998.6,41
강남구,개포동,연립다세대,33880.5,254
영등포구,당산동6가,오피스텔,33716.6,61
강북구,수유동,아파트,33594.4,97
강남구,청담동,단독다가구,33538.2,17
종로구,필운동,연립다세대,33455.0,4
광진구,중곡동,아파트,33450.9,23
도봉구,창동,아파트,33413.8,915
중구,인현동2가,아파트,33403.7,31
도봉구,도봉동,아파트,33358.1,197
성북구,성북동,연립다세대,33349.5,118
종로구,홍파동,연립다세대,33333.3,3
마포구,용강동,단독다가구,33333.3,3
서초구,양재동,연립다세대,33306.8,516
영등포구,당산동3가,오피스텔,33300.4,49
종로구,사직동,오피스텔,33266.7,6
노원구,중계동,오피스텔,33200.0,17
마포구,도화동,오피스텔,33121.3,59
용산구,남영동,연립다세대,33000.0,2
마포구,현석동,연립다세대,32971.1,38
강남구,신사동,연립다세대,32876.0,49
중구,흥인동,아파트,32646.2,13
종로구,익선동,아파트,32628.6,7
광진구,화양동,아파트,32551.8,28
송파구,문정동,오피스텔,32442.9,344
중구,황학동,오피스텔,32342.4,293
영등포구,영등포동3가,연립다세대,32177.5,2
중구,만리동1가,연립다세대,32063.9,18
용산구,원효로2가,아파트,32020.0,5
성북구,동선동1가,아파트,32000.0,1
강남구,세곡동,오피스텔,31984.3,54
영등포구,영등포동4가,오피스텔,31965.0,22
영등포구,문래동1가,오피스텔,31833.3,3
송파구,송파동,오피스텔,31717.3,12
성북구,동소문동6가,연립다세대,31666.7,3
중구,정동,아파트,31593.8,16
영등포구,양평동6가,오피스텔,31515.5,101
중구,남산동2가,연립다세대,31500.0,1
서대문구,합동,연립다세대,31500.0,1
강남구,일원동,연립다세대,31495.3,177
강남구,삼성동,오피스텔,31490.9,62
영등포구,양평동4가,오피스텔,31455.9,54
성동구,하왕십리동,연립다세대,31368.4,51
도봉구,쌍문동,아파트,31191.5,277
용산구,동자동,오피스텔,31147.1,34
중랑구,망우동,오피스텔,30951.6,239
영등포구,양평동5가,오피스텔,30846.8,44
송파구,잠실동,오피스텔,30835.7,61
종로구,명륜1가,연립다세대,30833.3,18
성동구,행당동,연립다세대,30792.1,55
구로구,궁동,아파트,30732.8,6
서대문구,남가좌동,오피스텔,30700.0,1
금천구,가산동,아파트,30697.6,44
강동구,고덕동,오피스텔,30687.5,16
종로구,신영동,연립다세대,30637.7,26
영등포구,양평동2가,오피스텔,30587.0,128
강남구,논현동,연립다세대,30577.9,286
용산구,동빙고동,연립다세대,30500.0,29
종로구,옥인동,연립다세대,30425.0,8
종로구,부암동,연립다세대,30177.3,11
영등포구,양평동1가,연립다세대,30092.9,14
중구,신당동,연립다세대,30075.3,210
성북구,보문동2가,연립다세대,30027.8,8
서대문구,영천동,연립다세대,30000.0,1
서대문구,영천동,오피스텔,30000.0,1
중구,필동2가,단독다가구,30000.0,1
용산구,갈월동,아파트,30000.0,1
종로구,낙원동,단독다가구,30000.0,1
영등포구,영등포동5가,단독다가구,30000.0,2
중구,필동3가,아파트,30000.0,1
종로구,홍지동,연립다세대,30000.0,1
영등포구,당산동6가,연립다세대,29953.0,37
용산구,원효로2가,연립다세대,29906.0,42
영등포구,당산동3가,연립다세대,29816.7,6
송파구,방이동,오피스텔,29682.9,254
동작구,흑석동,연립다세대,29494.6,37
종로구,누하동,단독다가구,29475.0,4
동작구,신대방동,오피스텔,29403.9,36
영등포구,영등포동1가,아파트,29402.9,34
영등포구,영등포동2가,아파트,29400.0,17
영등포구,문래동5가,오피스텔,29371.4,7
서초구,우면동,단독다가구,29321.1,9
광진구,능동,아파트,29313.3,3
송파구,거여동,오피스텔,29295.9,87
성동구,성수동1가,오피스텔,29144.5,71
동대문구,제기동,오피스텔,29133.3,9
성북구,보문동7가,오피스텔,29100.0,2
용산구,효창동,연립다세대,29035.6,235
성동구,행당동,오피스텔,29007.7,13
영등포구,당산동,단독다가구,29000.0,1
영등포구,당산동1가,오피스텔,28971.4,38
마포구,구수동,연립다세대,28936.4,11
동대문구,신설동,연립다세대,28925.0,12
종로구,충신동,오피스텔,28900.0,4
강북구,번동,아파트,28891.0,167
성동구,금호동2가,연립다세대,28875.0,8
강남구,역삼동,연립다세대,28841.7,412
구로구,천왕동,아파트,28680.0,312
도봉구,도봉동,오피스텔,28655.0,80
용산구,갈월동,연립다세대,28610.2,20
강남구,일원동,단독다가구,28523.6,52
종로구,옥인동,단독다가구,28500.0,4
마포구,신공덕동,연립다세대,28374.4,18
마포구,마포동,연립다세대,28335.3,17
서초구,양재동,오피스텔,28263.2,19
종로구,종로6가,연립다세대,28250.0,12
성북구,안암동3가,연립다세대,28214.3,7
강남구,자곡동,오피스텔,28200.1,85
서초구,방배동,단독다가구,28196.1,166
서초구,서초동,오피스텔,28180.8,258
성동구,홍익동,연립다세대,28166.7,6
중랑구,신내동,아파트,28043.3,784
중구,회현동1가,오피스텔,28000.0,4
노원구,상계동,아파트,27982.6,2624
마포구,성산동,오피스텔,27981.1,119
마포구,공덕동,오피스텔,27941.2,142
종로구,계동,단독다가구,27916.7,6
강서구,내발산동,연립다세대,27794.6,79
송파구,방이동,연립다세대,27767.2,419
중구,충무로5가,오피스텔,27725.0,4
마포구,중동,연립다세대,27720.7,34
영등포구,영등포동7가,연립다세대,27691.7,12
용산구,청파동3가,연립다세대,27688.4,205
강동구,둔촌동,연립다세대,27649.9,123
마포구,합정동,오피스텔,27629.1,11
종로구,누상동,연립다세대,27621.0,24
중구,광희동2가,연립다세대,27560.0,15
동대문구,답십리동,오피스텔,27467.3,55
서대문구,합동,오피스텔,27400.0,5
용산구,원효로3가,오피스텔,27381.6,53
송파구,송파동,연립다세대,27368.3,346
광진구,자양동,연립다세대,27361.8,797
강동구,둔촌동,오피스텔,27360.0,5
종로구,효제동,아파트,27300.0,4
성동구,하왕십리동,오피스텔,27192.0,10
성북구,동소문동4가,연립다세대,27185.7,7
송파구,잠실동,연립다세대,27178.1,409
서초구,서초동,단독다가구,27151.7,58
종로구,명륜4가,연립다세대,27150.0,2
서초구,잠원동,연립다세대,27148.0,25
용산구,후암동,연립다세대,27136.5,252
강서구,염창동,오피스텔,27067.3,101
강남구,대치동,오피스텔,27004.0,58
종로구,화동,단독다가구,27000.0,1
성북구,보문동7가,연립다세대,26933.3,3
송파구,오금동,연립다세대,26896.5,164
송파구,문정동,연립다세대,26851.7,216
마포구,신공덕동,오피스텔,26789.1,18
영등포구,영등포동6가,연립다세대,26761.6,11
중구,광희동2가,오피스텔,26750.0,2
송파구,가락동,연립다세대,26695.1,229
동작구,사당동,연립다세대,26641.4,419
영등포구,영등포동5가,오피스텔,26601.7,12
영등포구,영등포동8가,연립다세대,26525.0,4
종로구,인의동,오피스텔,26500.0,2
서초구,신원동,오피스텔,26469.5,20
강동구,명일동,연립다세대,26462.3,111
중구,광희동1가,오피스텔,26350.0,2
동작구,노량진동,연립다세대,26335.4,93
서대문구,홍은동,오피스텔,26333.3,6
성동구,도선동,오피스텔,26316.3,55
동대문구,청량리동,오피스텔,26310.4,63
광진구,구의동,연립다세대,26302.5,374
마포구,서교동,연립다세대,26279.4,121
광진구,능동,연립다세대,26212.5,93
강서구,염창동,연립다세대,26204.2,24
용산구,동자동,연립다세대,26125.0,6
용산구,원효로1가,연립다세대,26111.8,147
마포구,아현동,오피스텔,26100.0,22
송파구,삼전동,오피스텔,26090.5,21
마포구,염리동,오피스텔,26025.0,8
용산구,용문동,연립다세대,26008.6,227
송파구,삼전동,연립다세대,25968.1,392
성북구,동소문동4가,오피스텔,25964.3,7
강남구,대치동,단독다가구,25910.7,68
용산구,청파동2가,연립다세대,25910.2,64
광진구,광장동,오피스텔,25887.5,4
중구,황학동,연립다세대,25828.5,20
성북구,삼선동4가,연립다세대,25780.3,9
중구,회현동1가,연립다세대,25767.9,35
성동구,응봉동,단독다가구,25671.4,7
동대문구,장안동,오피스텔,25649.1,227
용산구,청파동1가,오피스텔,25631.2,8
중구,오장동,아파트,25600.0,7
서초구,잠원동,단독다가구,25500.0,13
은평구,신사동,오피스텔,25492.6,25
마포구,공덕동,연립다세대,25402.0,53
용산구,원효로3가,아파트,25333.3,3
마포구,동교동,연립다세대,25333.3,9
중랑구,면목동,오피스텔,25306.2,50
성북구,삼선동4가,오피스텔,25305.0,5
송파구,석촌동,연립다세대,25302.0,444
양천구,신월동,오피스텔,25222.6,23
용산구,청파동1가,연립다세대,25196.2,164
중구,필동2가,연립다세대,25190.0,2
영등포구,당산동1가,연립다세대,25148.8,32
성동구,성수동1가,연립다세대,25143.5,109
성북구,동소문동1가,연립다세대,25037.0,3
강동구,고덕동,연립다세대,25004.7,172
마포구,대흥동,오피스텔,25000.0,4
성북구,동선동4가,연립다세대,25000.0,1
영등포구,영등포동5가,연립다세대,25000.0,6
중구,남창동,아파트,25000.0,1
동작구,상도1동,연립다세대,24979.4,33
중구,을지로4가,오피스텔,24966.4,7
동대문구,장안동,연립다세대,24965.4,126
마포구,합정동,연립다세대,24954.4,295
강남구,역삼동,오피스텔,24944.8,200
종로구,연지동,연립다세대,24933.3,3
서대문구,창천동,연립다세대,24918.4,70
강남구,개포동,오피스텔,24917.2,34
서대문구,대신동,연립다세대,24900.0,2
은평구,진관동,오피스텔,24869.1,42
영등포구,문래동3가,연립다세대,24866.2,4
강동구,암사동,연립다세대,24852.8,251
영등포구,양평동1가,오피스텔,24784.8,38
종로구,내수동,오피스텔,24765.0,30
송파구,석촌동,오피스텔,24752.9,14
마포구,연남동,연립다세대,24717.1,84
중구,충무로5가,아파트,24706.2,16
중랑구,상봉동,오피스텔,24599.8,99
강남구,도곡동,단독다가구,24597.1,24
관악구,남현동,연립다세대,24588.9,62
성북구,성북동1가,연립다세대,24537.5,4
영등포구,양평동6가,연립다세대,24511.4,38
구로구,가리봉동,오피스텔,24505.3,19
강서구,등촌동,오피스텔,24503.6,362
성동구,금호동3가,연립다세대,24502.8,59
동대문구,답십리동,연립다세대,24485.9,87
강남구,수서동,오피스텔,24484.4,16
용산구,신계동,연립다세대,24482.1,24
광진구,중곡동,연립다세대,24472.0,471
마포구,신수동,연립다세대,24470.7,84
광진구,군자동,연립다세대,24466.9,97
동작구,대방동,연립다세대,24460.5,78
마포구,망원동,연립다세대,24452.5,342
마포구,용강동,연립다세대,24451.6,44
성북구,삼선동2가,연립다세대,24450.0,2
용산구,주성동,연립다세대,24429.4,12
강동구,길동,연립다세대,24401.5,149
강서구,염창동,단독다가구,24400.0,5
서대문구,연희동,연립다세대,24381.5,89
용산구,한강로1가,연립다세대,24378.3,29
마포구,성산동,연립다세대,24362.3,263
용산구,갈월동,오피스텔,24300.0,1
영등포구,당산동4가,오피스텔,24221.4,14
서대문구,충정로3가,연립다세대,24214.5,20
영등포구,당산동4가,연립다세대,24214.3,7
중구,예장동,연립다세대,24193.0,10
영등포구,영등포동,연립다세대,24156.5,26
중구,흥인동,오피스텔,24149.8,13
용산구,한남동,단독다가구,24147.1,17
강동구,천호동,연립다세대,24065.6,487
종로구,사직동,연립다세대,24011.7,6
종로구,통인동,아파트,24000.0,1
종로구,계동,연립다세대,24000.0,1
성북구,삼선동3가,연립다세대,24000.0,5
동작구,상도1동,오피스텔,24000.0,1
영등포구,대림동,오피스텔,23981.8,11
종로구,원서동,연립다세대,23977.8,9
강동구,성내동,연립다세대,23926.1,297
송파구,오금동,오피스텔,23911.1,9
중구,을지로6가,오피스텔,23900.0,2
강동구,명일동,오피스텔,23895.9,62
마포구,도화동,연립다세대,23882.2,81
송파구,거여동,연립다세대,23877.3,85
영등포구,영등포동2가,오피스텔,23858.3,173
송파구,가락동,오피스텔,23831.2,16
성동구,마장동,오피스텔,23821.4,7
은평구,증산동,연립다세대,23720.4,37
영등포구,양평동2가,연립다세대,23666.7,3
성북구,동선동3가,연립다세대,23566.7,6
용산구,보광동,연립다세대,23566.6,5
영등포구,영등포동7가,오피스텔,23516.8,116
도봉구,쌍문동,오피스텔,23500.0,2
용산구,서빙고동,연립다세대,23500.0,34
성북구,보문동6가,연립다세대,23500.0,2
강남구,신사동,오피스텔,23500.0,1
동대문구,용두동,연립다세대,23483.5,127
종로구,경운동,오피스텔,23475.0,6
종로구,신교동,연립다세대,23462.5,4
금천구,독산동,오피스텔,23460.9,610
동작구,상도동,연립다세대,23451.9,489
중랑구,망우동,연립다세대,23443.1,116
영등포구,영등포동8가,오피스텔,23428.6,118
중구,충무로3가,오피스텔,23405.0,8
중랑구,면목동,연립다세대,23367.9,496
마포구,상수동,연립다세대,23331.6,61
중구,신당동,오피스텔,23281.3,46
동작구,사당동,오피스텔,23278.3,15
강서구,방화동,오피스텔,23213.6,110
종로구,연지동,오피스텔,23149.4,18
성동구,용답동,연립다세대,23143.9,146
성북구,길음동,연립다세대,23135.0,10
광진구,구의동,오피스텔,23133.4,36
강동구,길동,오피스텔,23131.3,55
강남구,삼성동,단독다가구,23125.6,16
용산구,서계동,오피스텔,23125.0,4
강북구,번동,오피스텔,23115.4,13
용산구,원효로4가,연립다세대,23105.7,42
성북구,동선동3가,아파트,23100.0,1
구로구,개봉동,오피스텔,23078.3,6
용산구,한강로1가,단독다가구,23075.0,2
종로구,숭인동,연립다세대,23044.2,43
영등포구,신길동,연립다세대,23011.4,243
종로구,무악동,연립다세대,23000.0,1
종로구,청운동,단독다가구,23000.0,1
종로구,명륜2가,연립다세대,23000.0,1
중구,필동3가,연립다세대,22975.0,8
도봉구,창동,오피스텔,22972.5,110
마포구,당인동,연립다세대,22971.2,16
강남구,역삼동,단독다가구,22955.5,130
종로구,종로5가,오피스텔,22936.0,15
성동구,성수동2가,오피스텔,22889.8,59
마포구,대흥동,연립다세대,22885.6,70
동대문구,전농동,연립다세대,22880.9,215
용산구,동빙고동,단독다가구,22880.6,18
영등포구,영등포동6가,오피스텔,22878.0,25
강동구,천호동,오피스텔,22830.0,136
종로구,혜화동,연립다세대,22735.7,14
동대문구,청량리동,연립다세대,22734.5,21
강서구,마곡동,오피스텔,22683.5,415
송파구,풍납동,연립다세대,22679.5,55
동대문구,제기동,연립다세대,22633.5,74
종로구,숭인동,오피스텔,22617.1,135
강서구,등촌동,연립다세대,22585.7,192
관악구,봉천동,연립다세대,22581.5,346
종로구,명륜1가,단독다가구,22550.0,12
영등포구,도림동,연립다세대,22547.5,68
종로구,관수동,오피스텔,22516.7,6
마포구,현석동,단독다가구,22500.0,2
종로구,낙원동,아파트,22500.0,2
성북구,하월곡동,연립다세대,22483.9,28
영등포구,신길동,오피스텔,22483.8,81
중구,쌍림동,오피스텔,22466.7,3
서초구,양재동,단독다가구,22461.5,83
은평구,구산동,오피스텔,22441.2,4
중구,묵정동,오피스텔,22416.7,6
중랑구,중화동,연립다세대,22349.1,232
서대문구,북아현동,연립다세대,22347.1,90
영등포구,영등포동3가,오피스텔,22304.7,83
성동구,성수동2가,연립다세대,22287.8,105
성동구,상왕십리동,오피스텔,22250.0,2
용산구,효창동,단독다가구,22242.9,14
마포구,상암동,오피스텔,22201.6,38
종로구,홍지동,단독다가구,22187.5,4
강동구,성내동,오피스텔,22096.2,52
구로구,오류동,오피스텔,22079.3,186
중랑구,상봉동,연립다세대,22055.8,172
은평구,증산동,오피스텔,22000.0,1
구로구,구로동,오피스텔,21975.5,275
강남구,개포동,단독다가구,21896.1,38
광진구,군자동,오피스텔,21873.3,12
성북구,삼선동1가,연립다세대,21873.2,8
동대문구,용두동,오피스텔,21873.0,79
송파구,거여동,단독다가구,21867.4,52
마포구,신공덕동,단독다가구,21833.3,6
종로구,연건동,연립다세대,21820.0,5
성북구,상월곡동,연립다세대,21817.2,13
마포구,서교동,오피스텔,21800.0,26
용산구,갈월동,단독다가구,21787.5,8
광진구,화양동,연립다세대,21769.1,61
구로구,항동,연립다세대,21766.7,18
용산구,신창동,연립다세대,21764.4,65
서초구,잠원동,오피스텔,21722.2,9
성북구,종암동,연립다세대,21712.2,43
성북구,성북동,단독다가구,21710.0,28
영등포구,영등포동6가,단독다가구,21687.5,4
중랑구,신내동,오피스텔,21673.5,42
용산구,한강로2가,연립다세대,21652.2,18
마포구,노고산동,연립다세대,21579.6,72
은평구,역촌동,오피스텔,21560.5,40
강서구,가양동,연립다세대,21545.2,21
영등포구,당산동,오피스텔,21541.3,97
강서구,마곡동,연립다세대,21535.4,56
강남구,논현동,단독다가구,21525.4,102
용산구,원효로1가,단독다가구,21519.9,14
영등포구,당산동5가,오피스텔,21504.6,27
용산구,청파동3가,오피스텔,21500.0,16
중구,충무로2가,오피스텔,21442.9,14
영등포구,양평동5가,연립다세대,21407.1,12
용산구,산천동,연립다세대,21366.7,6
강남구,신사동,단독다가구,21345.4,30
송파구,방이동,단독다가구,21281.4,34
송파구,오금동,단독다가구,21260.9,23
성북구,하월곡동,오피스텔,21242.9,33
성북구,삼선동5가,연립다세대,21238.5,13
서대문구,연희동,단독다가구,21229.1,79
은평구,불광동,오피스텔,21193.6,36
용산구,서계동,연립다세대,21186.3,60
강서구,가양동,오피스텔,21172.6,82
송파구,송파동,단독다가구,21154.6,52
동작구,노량진동,오피스텔,21146.2,39
은평구,녹번동,오피스텔,21124.2,30
영등포구,양평동3가,연립다세대,21102.5,8
금천구,가산동,연립다세대,21086.2,50
강남구,청담동,오피스텔,21057.3,7
성동구,마장동,연립다세대,21046.0,27
송파구,석촌동,단독다가구,21026.7,47
서초구,반포동,단독다가구,21019.5,35
광진구,화양동,오피스텔,21010.7,72
성북구,성북동,아파트,21000.0,5
종로구,원남동,오피스텔,21000.0,3
종로구,팔판동,단독다가구,21000.0,1
종로구,창신동,오피스텔,20999.4,10
양천구,목동,연립다세대,20985.0,734
성동구,홍익동,오피스텔,20899.7,6
동작구,신대방동,연립다세대,20886.0,91
영등포구,양평동3가,단독다가구,20857.1,7
은평구,대조동,아파트,20849.2,82
영등포구,영등포동2가,연립다세대,20830.8,26
성동구,금호동4가,연립다세대,20793.0,10
마포구,동교동,단독다가구,20782.5,12
서대문구,연희동,오피스텔,20773.5,34
용산구,용산동2가,연립다세대,20759.9,125
송파구,잠실동,단독다가구,20755.7,56
성동구,도선동,연립다세대,20750.0,8
중구,중림동,연립다세대,20681.8,11
중랑구,신내동,연립다세대,20577.6,38
마포구,합정동,단독다가구,20566.2,40
은평구,녹번동,연립다세대,20555.7,231
용산구,원효로3가,연립다세대,20531.7,57
중랑구,묵동,연립다세대,20523.1,129
마포구,아현동,연립다세대,20440.3,92
영등포구,당산동,연립다세대,20423.7,38
영등포구,양평동4가,연립다세대,20412.6,34
마포구,동교동,오피스텔,20355.6,9
용산구,이태원동,단독다가구,20336.4,66
영등포구,양평동4가,단독다가구,20318.2,11
종로구,창성동,단독다가구,20283.3,3
종로구,혜화동,단독다가구,20221.4,7
강동구,암사동,오피스텔,20216.6,18
관악구,봉천동,오피스텔,20193.9,171
용산구,후암동,단독다가구,20177.5,76
중구,저동2가,오피스텔,20177.1,7
성북구,동선동5가,연립다세대,20125.0,4
마포구,염리동,연립다세대,20111.1,115
양천구,신정동,연립다세대,20061.8,269
금천구,독산동,연립다세대,20049.4,342
강동구,명일동,단독다가구,20017.2,29
마포구,망원동,단독다가구,20015.7,42
종로구,내자동,단독다가구,20000.0,1
종로구,신교동,단독다가구,20000.0,1
마포구,당인동,단독다가구,20000.0,1
영등포구,대림동,연립다세대,19982.6,84
서대문구,홍제동,연립다세대,19965.4,119
마포구,아현동,단독다가구,19937.5,8
서대문구,홍제동,오피스텔,19934.8,23
서대문구,대현동,연립다세대,19925.0,2
송파구,마천동,연립다세대,19869.3,243
은평구,응암동,오피스텔,19867.1,128
은평구,대조동,연립다세대,19846.2,178
중구,신당동,단독다가구,19800.5,115
성동구,용답동,오피스텔,19753.5,58
중랑구,묵동,오피스텔,19750.0,2
영등포구,영등포동1가,오피스텔,19743.5,129
성동구,송정동,연립다세대,19733.7,27
마포구,창전동,연립다세대,19652.1,24
은평구,역촌동,연립다세대,19648.5,169
중구,회현동3가,연립다세대,19633.3,3
강북구,수유동,오피스텔,19618.9,37
강서구,공항동,연립다세대,19601.9,141
용산구,보광동,단독다가구,19596.9,29
성북구,동소문동3가,단독다가구,19500.0,2
성북구,안암동5가,연립다세대,19500.0,4
은평구,수색동,연립다세대,19470.8,38
성북구,석관동,연립다세대,19465.8,125
마포구,연남동,단독다가구,19460.3,55
서대문구,충정로2가,오피스텔,19333.3,3
서대문구,옥천동,연립다세대,19333.3,3
용산구,용문동,단독다가구,19319.4,7
은평구,불광동,연립다세대,19314.3,381
서대문구,천연동,단독다가구,19312.5,8
영등포구,문래동2가,아파트,19307.7,13
강서구,공항동,오피스텔,19271.0,15
종로구,사직동,단독다가구,19250.0,4
종로구,행촌동,연립다세대,19184.1,28
중구,중림동,단독다가구,19160.0,5
서대문구,대현동,오피스텔,19156.9,61
강북구,미아동,오피스텔,19137.5,8
영등포구,당산동4가,단독다가구,19135.0,10
성북구,돈암동,연립다세대,19127.5,20
동대문구,신설동,오피스텔,19096.8,72
마포구,서교동,단독다가구,19076.6,47
마포구,신수동,단독다가구,19034.8,23
성동구,금호동4가,단독다가구,19033.3,15
서대문구,충정로2가,연립다세대,19000.0,1
용산구,이촌동,단독다가구,19000.0,2
성동구,옥수동,오피스텔,19000.0,5
서대문구,남가좌동,연립다세대,18950.0,36
중구,오장동,오피스텔,18925.5,31
금천구,가산동,오피스텔,18825.7,272
은평구,구산동,연립다세대,18810.6,67
양천구,목동,단독다가구,18796.3,94
송파구,가락동,단독다가구,18781.2,49
성북구,동선동3가,오피스텔,18778.6,7
관악구,신림동,오피스텔,18769.6,79
성북구,장위동,연립다세대,18765.3,398
마포구,대흥동,단독다가구,18731.2,24
성북구,삼선동2가,단독다가구,18713.3,15
관악구,신림동,연립다세대,18695.7,426
동대문구,회기동,연립다세대,18694.4,16
서대문구,북가좌동,연립다세대,18677.3,170
종로구,동숭동,연립다세대,18668.8,24
중구,만리동1가,단독다가구,18666.7,3
광진구,능동,오피스텔,18650.0,4
은평구,갈현동,연립다세대,18649.6,193
광진구,광장동,단독다가구,18590.9,27
용산구,용산동2가,단독다가구,18572.5,37
강서구,방화동,연립다세대,18554.5,136
구로구,가리봉동,연립다세대,18528.4,56
강서구,화곡동,오피스텔,18510.5,446
강북구,우이동,연립다세대,18508.1,26
강동구,고덕동,단독다가구,18464.8,70
마포구,노고산동,오피스텔,18308.5,17
금천구,시흥동,연립다세대,18300.1,290
은평구,응암동,연립다세대,18289.8,181
은평구,신사동,연립다세대,18284.2,144
송파구,삼전동,단독다가구,18202.6,61
용산구,한강로3가,연립다세대,18125.0,8
마포구,노고산동,단독다가구,18063.3,15
구로구,천왕동,오피스텔,18050.0,12
성동구,용답동,단독다가구,18036.2,47
광진구,중곡동,오피스텔,18019.2,24
마포구,토정동,단독다가구,18000.0,1
성북구,동소문동6가,아파트,18000.0,1
성북구,삼선동5가,오피스텔,18000.0,1
성북구,정릉동,연립다세대,17961.0,173
성동구,사근동,연립다세대,17960.0,10
구로구,구로동,연립다세대,17902.9,155
광진구,능동,단독다가구,17867.6,87
동대문구,휘경동,연립다세대,17847.9,48
동대문구,휘경동,오피스텔,17830.3,38
종로구,삼청동,단독다가구,17781.2,8
광진구,구의동,단독다가구,17725.2,197
성동구,금호동1가,단독다가구,17725.0,4
서대문구,충정로3가,단독다가구,17681.8,11
성동구,행당동,단독다가구,17676.1,46
동대문구,이문동,연립다세대,17629.6,27
성동구,성수동1가,단독다가구,17625.8,67
서대문구,홍은동,연립다세대,17617.6,106
성북구,동선동5가,단독다가구,17600.0,10
강동구,암사동,단독다가구,17588.8,72
서대문구,북아현동,단독다가구,17586.2,80
용산구,서계동,단독다가구,17573.6,20
노원구,중계동,연립다세대,17538.7,37
성동구,응봉동,연립다세대,17527.6,29
중구,장충동1가,단독다가구,17500.0,2
종로구,창신동,연립다세대,17498.3,63
마포구,상암동,단독다가구,17475.0,18
강동구,둔촌동,단독다가구,17436.9,42
강동구,상일동,단독다가구,17415.6,32
동작구,사당동,단독다가구,17411.7,289
동대문구,신설동,단독다가구,17400.0,3
송파구,문정동,단독다가구,17334.7,36
성북구,보문동5가,연립다세대,17314.3,7
동작구,본동,단독다가구,17275.0,16
성북구,동소문동6가,오피스텔,17266.7,3
관악구,남현동,단독다가구,17228.7,43
종로구,동숭동,단독다가구,17181.8,11
중구,광희동2가,단독다가구,17125.0,4
성동구,홍익동,단독다가구,17123.7,15
도봉구,창동,연립다세대,17123.4,196
성동구,옥수동,단독다가구,17118.2,11
광진구,중곡동,단독다가구,17081.2,340
종로구,효제동,오피스텔,17076.9,13
성동구,도선동,단독다가구,17072.7,22
광진구,자양동,단독다가구,17067.7,259
용산구,신창동,단독다가구,17066.7,12
성북구,보문동1가,단독다가구,17000.0,1
강동구,성내동,단독다가구,16984.5,183
강서구,화곡동,연립다세대,16950.2,1075
마포구,창전동,단독다가구,16942.6,27
성동구,금호동1가,연립다세대,16940.9,22
종로구,명륜4가,단독다가구,16816.7,6
성동구,금호동3가,단독다가구,16814.1,32
성북구,동소문동6가,단독다가구,16687.5,4
성북구,성북동1가,단독다가구,16666.7,3
서대문구,창천동,오피스텔,16656.7,21
구로구,개봉동,연립다세대,16604.7,244
강동구,길동,단독다가구,16547.8,67
노원구,월계동,연립다세대,16445.3,58
성북구,안암동3가,단독다가구,16414.3,7
동대문구,용두동,단독다가구,16411.7,47
강북구,미아동,연립다세대,16406.4,273
은평구,수색동,단독다가구,16406.2,8
도봉구,도봉동,연립다세대,16400.7,76
노원구,공릉동,연립다세대,16370.6,74
금천구,시흥동,오피스텔,16294.0,132
영등포구,영등포동1가,연립다세대,16268.6,7
구로구,고척동,연립다세대,16254.4,51
강북구,수유동,연립다세대,16237.5,236
성북구,동선동4가,단독다가구,16214.3,7
용산구,청파동2가,단독다가구,16200.0,8
구로구,궁동,연립다세대,16180.1,61
용산구,청파동1가,단독다가구,16171.2,20
서대문구,냉천동,단독다가구,16166.7,3
마포구,성산동,단독다가구,16150.1,44
마포구,도화동,단독다가구,16132.2,27
중구,장충동1가,연립다세대,16126.8,9
동작구,대방동,단독다가구,16117.5,53
용산구,이촌동,연립다세대,16068.8,8
영등포구,당산동6가,단독다가구,16052.3,11
강서구,내발산동,단독다가구,16020.0,23
성북구,보문동5가,단독다가구,16000.0,4
종로구,명륜2가,단독다가구,16000.0,3
성북구,동소문동7가,단독다가구,16000.0,2
동작구,대방동,오피스텔,15971.0,10
은평구,대조동,오피스텔,15960.5,61
영등포구,당산동3가,단독다가구,15960.0,15
영등포구,당산동2가,단독다가구,15931.2,8
강서구,등촌동,단독다가구,15921.1,38
동대문구,전농동,단독다가구,15843.4,105
관악구,남현동,오피스텔,15826.7,15
강서구,외발산동,연립다세대,15762.9,7
서대문구,옥천동,단독다가구,15755.6,9
용산구,원효로3가,단독다가구,15746.8,16
용산구,후암동,오피스텔,15712.5,8
마포구,상수동,단독다가구,15685.0,10
종로구,이화동,단독다가구,15678.6,7
구로구,오류동,연립다세대,15647.3,96
마포구,염리동,단독다가구,15564.0,25
성북구,안암동2가,단독다가구,15512.5,12
마포구,구수동,단독다가구,15500.0,6
서대문구,충정로3가,오피스텔,15500.0,1
광진구,군자동,단독다가구,15499.7,79
성북구,안암동1가,단독다가구,15471.4,7
도봉구,쌍문동,연립다세대,15426.3,118
중구,황학동,단독다가구,15333.3,12
성북구,석관동,오피스텔,15307.5,12
중랑구,망우동,단독다가구,15302.4,125
은평구,증산동,단독다가구,15255.6,9
동대문구,장안동,단독다가구,15232.1,56
성동구,성수동2가,단독다가구,15206.3,108
양천구,신정동,단독다가구,15182.2,125
용산구,원효로2가,단독다가구,15177.8,9
성동구,송정동,단독다가구,15076.0,52
은평구,녹번동,단독다가구,15038.7,41
성북구,동선동4가,오피스텔,15000.0,1
종로구,누상동,단독다가구,15000.0,4
용산구,청암동,단독다가구,15000.0,1
동작구,상도1동,단독다가구,15000.0,13
중구,남산동2가,단독다가구,15000.0,1
종로구,연건동,단독다가구,15000.0,3
노원구,하계동,단독다가구,15000.0,2
마포구,상암동,연립다세대,14994.7,32
송파구,풍납동,단독다가구,14980.4,69
마포구,상수동,오피스텔,14942.5,4
영등포구,양평동2가,단독다가구,14875.0,4
동작구,본동,연립다세대,14785.0,10
도봉구,방학동,연립다세대,14760.8,118
종로구,충신동,단독다가구,14639.5,15
성북구,동소문동1가,단독다가구,14614.3,7
성북구,보문동6가,단독다가구,14612.5,8
광진구,화양동,단독다가구,14606.3,97
종로구,필운동,오피스텔,14600.0,1
구로구,고척동,오피스텔,14585.0,16
관악구,봉천동,단독다가구,14537.3,475
성북구,보문동3가,단독다가구,14500.0,2
동대문구,답십리동,단독다가구,14450.1,83
노원구,상계동,연립다세대,14425.7,154
마포구,공덕동,단독다가구,14424.1,41
성북구,종암동,단독다가구,14385.2,44
양천구,신월동,연립다세대,14284.9,448
서초구,우면동,오피스텔,14195.2,21
성북구,돈암동,단독다가구,14166.7,6
강동구,천호동,단독다가구,14122.2,234
중랑구,상봉동,단독다가구,14104.2,58
중구,묵정동,연립다세대,14062.5,4
성북구,삼선동3가,단독다가구,13911.1,9
성북구,삼선동4가,단독다가구,13885.7,7
동작구,상도동,단독다가구,13880.6,261
구로구,신도림동,연립다세대,13875.0,8
영등포구,영등포동,오피스텔,13833.3,6
동작구,흑석동,단독다가구,13825.6,43
노원구,상계동,오피스텔,13822.8,24
중랑구,묵동,단독다가구,13812.9,89
종로구,연건동,오피스텔,13750.0,2
영등포구,영등포동4가,연립다세대,13740.0,5
구로구,신도림동,단독다가구,13733.3,3
서대문구,북가좌동,단독다가구,13717.7,48
서대문구,충정로2가,단독다가구,13700.0,5
강서구,방화동,단독다가구,13696.8,44
용산구,청파동3가,단독다가구,13692.9,28
성북구,정릉동,단독다가구,13680.4,92
종로구,창신동,단독다가구,13641.7,24
강동구,강일동,오피스텔,13617.2,32
성북구,동선동2가,단독다가구,13551.2,8
마포구,중동,단독다가구,13520.0,7
영등포구,영등포동7가,단독다가구,13500.0,3
구로구,온수동,연립다세대,13488.3,55
동대문구,청량리동,단독다가구,13473.2,52
중랑구,신내동,단독다가구,13383.6,14
성북구,안암동1가,연립다세대,13333.3,3
성동구,금호동2가,단독다가구,13329.4,17
영등포구,당산동1가,단독다가구,13296.7,24
동작구,상도동,오피스텔,13250.0,2
성동구,하왕십리동,단독다가구,13242.4,33
중랑구,중화동,단독다가구,13232.5,106
서대문구,홍제동,단독다가구,13209.4,85
성북구,삼선동5가,단독다가구,13208.3,12
영등포구,신길동,단독다가구,13203.1,264
은평구,구산동,단독다가구,13178.9,19
중랑구,중화동,오피스텔,13083.3,6
은평구,갈현동,단독다가구,13080.8,65
관악구,신림동,단독다가구,13013.7,593
마포구,창전동,오피스텔,13000.0,3
종로구,무악동,단독다가구,13000.0,1
동대문구,이문동,오피스텔,12985.0,35
성북구,동선동3가,단독다가구,12984.1,14
성동구,마장동,단독다가구,12975.3,49
종로구,숭인동,단독다가구,12955.6,18
종로구,명륜3가,단독다가구,12904.2,24
은평구,역촌동,단독다가구,12888.5,48
서대문구,남가좌동,단독다가구,12847.1,51
중구,장충동2가,단독다가구,12833.3,6
서대문구,창천동,단독다가구,12766.5,66
도봉구,방학동,오피스텔,12694.6,37
중랑구,면목동,단독다가구,12645.0,381
노원구,중계동,단독다가구,12567.9,14
강서구,개화동,단독다가구,12550.0,10
도봉구,도봉동,단독다가구,12520.8,48
중구,필동1가,단독다가구,12500.0,1
은평구,불광동,단독다가구,12460.6,101
성북구,길음동,단독다가구,12430.0,20
서대문구,대현동,단독다가구,12333.3,3
성북구,삼선동1가,단독다가구,12315.8,19
용산구,서빙고동,단독다가구,12300.0,7
영등포구,영등포동,단독다가구,12279.2,24
성북구,동소문동4가,단독다가구,12277.8,9
동대문구,회기동,단독다가구,12260.6,33
종로구,행촌동,단독다가구,12166.7,6
동대문구,제기동,단독다가구,12165.7,63
은평구,대조동,단독다가구,12093.1,36
서대문구,홍은동,단독다가구,12068.6,66
은평구,응암동,단독다가구,12048.3,102
서대문구,천연동,연립다세대,12000.0,1
강서구,가양동,단독다가구,12000.0,1
성북구,동선동1가,단독다가구,12000.0,1
동대문구,이문동,단독다가구,11993.5,62
영등포구,대림동,단독다가구,11970.5,188
성북구,석관동,단독다가구,11904.5,88
중구,장충동2가,연립다세대,11895.7,14
송파구,마천동,단독다가구,11885.2,103
동작구,신대방동,단독다가구,11859.5,100
성북구,장위동,단독다가구,11800.6,77
노원구,월계동,단독다가구,11796.5,23
성북구,보문동2가,단독다가구,11750.0,6
노원구,공릉동,단독다가구,11744.6,112
영등포구,도림동,단독다가구,11706.2,81
성북구,하월곡동,단독다가구,11703.8,53
은평구,신사동,단독다가구,11687.1,42
동대문구,휘경동,단독다가구,11654.8,101
강서구,공항동,단독다가구,11547.3,47
마포구,마포동,단독다가구,11500.0,7
종로구,부암동,오피스텔,11500.0,2
종로구,종로6가,단독다가구,11500.0,1
강북구,수유동,단독다가구,11460.7,185
강서구,화곡동,단독다가구,11449.1,207
종로구,명륜3가,연립다세대,11407.7,13
강북구,미아동,단독다가구,11399.4,243
강북구,번동,연립다세대,11357.6,109
성북구,상월곡동,단독다가구,11344.0,25
용산구,남영동,단독다가구,11333.3,3
구로구,개봉동,단독다가구,11256.3,96
서대문구,봉원동,단독다가구,11000.0,1
노원구,월계동,오피스텔,11000.0,1
구로구,온수동,단독다가구,10875.0,4
용산구,용산동3가,연립다세대,10875.0,5
강북구,번동,단독다가구,10875.0,76
금천구,시흥동,단독다가구,10703.5,192
동작구,상도1동,아파트,10680.0,5
도봉구,쌍문동,단독다가구,10656.1,53
용산구,한강로3가,단독다가구,10653.7,19
영등포구,양평동1가,단독다가구,10633.3,3
노원구,상계동,단독다가구,10623.8,103
금천구,독산동,단독다가구,10538.4,200
구로구,고척동,단독다가구,10533.6,70
성동구,사근동,단독다가구,10520.0,20
용산구,주성동,단독다가구,10500.0,5
도봉구,창동,단독다가구,10396.8,79
용산구,원효로4가,단독다가구,10375.0,2
구로구,구로동,단독다가구,10190.4,194
성북구,안암동5가,단독다가구,10055.6,9
중구,쌍림동,단독다가구,10000.0,3
영등포구,영등포동3가,아파트,10000.0,1
영등포구,당산동5가,단독다가구,10000.0,1
중구,예장동,단독다가구,10000.0,1
구로구,오류동,단독다가구,9996.6,44
도봉구,방학동,단독다가구,9978.6,70
성북구,동선동1가,오피스텔,9975.0,4
성북구,장위동,오피스텔,9920.0,5
서대문구,미근동,아파트,9900.0,1
양천구,신월동,단독다가구,9883.5,102
금천구,가산동,단독다가구,9675.0,20
노원구,공릉동,오피스텔,9600.0,1
강북구,우이동,단독다가구,9431.7,15
성북구,안암동4가,연립다세대,9400.0,1
성북구,보문동1가,연립다세대,9000.0,1
성북구,동선동1가,연립다세대,8916.7,6
서대문구,대신동,단독다가구,8916.7,9
구로구,가리봉동,단독다가구,8850.0,44
구로구,궁동,단독다가구,8625.0,8
종로구,원남동,단독다가구,8500.0,2
중구,무학동,단독다가구,8000.0,1
용산구,동자동,단독다가구,8000.0,1
종로구,신문로2가,단독다가구,7840.0,5
서대문구,신촌동,단독다가구,7750.0,4
종로구,명륜3가,아파트,7250.0,2
중구,회현동3가,단독다가구,7000.0,1
성북구,동소문동2가,단독다가구,7000.0,1
중구,필동3가,단독다가구,6500.0,1
종로구,돈의동,단독다가구,5500.0,1
성북구,보문동7가,단독다가구,5250.0,1
서대문구,미근동,단독다가구,5000.0,1
성북구,안암동4가,단독다가구,5000.0,1
서대문구,영천동,단독다가구,4000.0,1
마포구,하중동,연립다세대,2000.0,1
